#pool,pool_size,greeness,suvival_rate
1,70,0.225258649630255,0.057142857142857
2,70,0.384666966039813,0.471428571428571
3,70,0.420334517333623,0.814285714285714
4,70,0.444631880079839,0.971428571428571
5,70,0.483690530041097,0.985714285714286
