#pool,pool_size,greeness,suvival_rate
1,71,0.193939920702905,0
2,71,0.260903898515851,0
3,71,0.301733428645319,0
4,71,0.351783193770878,0
5,71,0.435114822041615,0
