#pool,pool_size,greeness,suvival_rate
1,84,0.236367872978288,0
2,84,0.313938572861132,0
3,85,0.364067107263927,0
4,84,0.414905093345953,0
5,84,0.553742883719687,0
