chr,pos,freq,eff,lod,gene,gene_start_pos,gene_end_pos
NC_061508.1,18409527,0.01828,0.775346,5.84974387483422,LOC124685007,18397995,18423472
NC_061509.1,51457135,0.038048,1.148202,12.4283584629377,LOC124689728,51452105,51465077
NC_061511.1,27535579,0.038724,0.915799,8.0313781105765,LOC124646799,27529835,27543837
