#pool,pool_size,greeness,suvival_rate
1,91,0.316086008512374,0.285714285714286
2,91,0.389471215702446,0.395604395604396
3,94,0.426736716571891,0.712765957446808
4,91,0.462330251768809,0.78021978021978
5,91,0.515852836873338,0.978021978021978
