chr,pos,freq,eff,lod,gene,gene_start_pos,gene_end_pos
NC_061514.1,7413645,0.030405,0.578841,9.82562855366745,LOC124669605,7398899,7422023
