chr,pos,freq,eff,lod,gene,gene_start_pos,gene_end_pos
NC_061508.1,18409527,0.01828,0.775346,7.3476633850258,LOC124685007,18397995,18423472
NC_061509.1,51457135,0.038048,1.148202,10.8555933449539,LOC124689728,51452105,51465077
NC_061509.1,189220698,0.036723,1.0944,10.3494095965254,LOC124693960,189219349,189221158
NC_061510.1,245444447,0.018088,0.669497,6.35180740221091,LOC124703227,245427095,245465535
NC_061511.1,27535579,0.038724,0.915799,8.669083146708,LOC124646799,27529835,27543837
NC_061513.1,287066168,0.019218,0.727507,6.89758115125995,LOC124660700,287063767,287068864
