chr,pos,freq,eff,lod,gene,gene_start_pos,gene_end_pos
NC_061509.1,17845899,0.111236,1.287274,11.0989912761923,LOC124689277,17845003,17848944
NC_061509.1,237894415,0.038447,0.975201,8.41698568385907,LOC124690688,237890751,237895675
NC_061510.1,209970204,0.051504,1.151691,9.93376915115963,LOC124702947,209962592,209972587
NC_061510.1,209970241,0.057576,0.956819,8.25900781714754,LOC124702947,209962592,209972587
NC_061510.1,393572786,0.214583,1.898,16.3476688208158,LOC124697681,393566720,393608674
NC_061511.1,209109127,0.02997,0.854145,7.37661093504874,LOC124648135,209081462,209136370
NC_061511.1,227031654,0.0227,0.780968,6.7477160186985,LOC124649670,227030596,227042050
NC_061512.1,82436712,0.04036,1.057627,9.12536799490058,LOC124653523,82406159,82491120
NC_061512.1,85565637,0.030197,0.818599,7.07112288967129,LOC124656174,85547108,85609124
NC_061512.1,203945155,0.029332,0.89016,7.68612964191501,LOC124655033,203940197,203948169
NC_061513.1,293058259,0.067419,1.391141,11.9916409923128,LOC124668903,293056973,293058781
NC_061513.1,293903141,0.203704,2.136796,18.399920080703,LOC124661239,293890943,293908971
NC_061513.1,293903182,0.032532,0.761513,6.58051661728011,LOC124661239,293890943,293908971
NC_061514.1,18863992,0.034694,0.930443,8.03232822774576,LOC124678695,18849664,18875630
NC_061514.1,240860360,0.038889,-0.760422,6.57114038767602,LOC124680019,240859676,240861482
NC_061514.1,250946074,0.035333,0.901847,7.78656960101945,LOC124676757,250939198,250946965
NW_025899867.1,488650,0.052222,1.09376,9.43590081275979,LOC124680379,447539,490617
NW_025900641.1,27991,0.023096,0.767247,6.62979553620753,LOC124681536,27585,29379
NW_025900641.1,28017,0.025781,0.811906,7.0136021703861,LOC124681536,27585,29379
