chr,pos,freq,eff,lod,gene,gene_start_pos,gene_end_pos
NC_061508.1,18409527,0.01828,0.775346,21.0631961677992,LOC124685007,18397995,18423472
NC_061509.1,51457129,0.009052,0.583758,11.9398497501135,LOC124689728,51452105,51465077
NC_061509.1,51457135,0.038048,1.148202,46.1923193553997,LOC124689728,51452105,51465077
NC_061509.1,187776850,0.013148,0.558219,10.9179826514807,LOC124693975,187773558,187776948
NC_061509.1,189220698,0.036723,1.0944,41.964817602566,LOC124693960,189219349,189221158
NC_061510.1,168754367,0.01524,0.537274,10.1140435676003,LOC124695796,168742836,168758002
NC_061510.1,245441745,0.009837,0.479284,8.0485757036816,LOC124703227,245427095,245465535
NC_061510.1,245444447,0.018088,0.669497,15.7047288195613,LOC124703227,245427095,245465535
NC_061510.1,245444699,0.011696,0.556117,10.8359131030306,LOC124703227,245427095,245465535
NC_061510.1,258718685,0.026979,0.457112,7.32113501230657,LOC124696415,258704113,258722350
NC_061511.1,27535579,0.038724,0.915799,29.3855281668563,LOC124646799,27529835,27543837
NC_061511.1,209109418,0.00808,0.441619,6.83327141468774,LOC124648135,209081462,209136370
NC_061512.1,165172022,0.008123,0.473652,7.8605316731696,LOC124656657,165143359,165174166
NC_061513.1,80539145,0.014502,-0.557952,10.9075408563738,LOC124662853,80523026,80557964
NC_061513.1,224268530,0.006158,0.436367,6.6717070863928,LOC124666016,224265771,224292289
NC_061513.1,287066168,0.019218,0.727507,18.5441752927781,LOC124660700,287063767,287068864
NC_061514.1,143196122,0.215515,0.606015,12.8676701262331,LOC124672104,143194319,143206048
NW_025900641.1,28030,0.008966,0.470055,7.74159636961318,LOC124681536,27585,29379
NW_025900908.1,9669,0.187057,0.438106,6.72498891950617,LOC124681725,7321,10728
