chr,pos,freq,eff,lod,gene,gene_start_pos,gene_end_pos
NC_061508.1,135199983,0.002699,-1.180265,7.83592508495595,LOC124685591,135198681,135202067
NC_061508.1,135199996,0.002414,-0.914341,4.74580507856037,LOC124685591,135198681,135202067
NC_061508.1,135200044,0.002576,-1.500088,12.6149510305665,LOC124685591,135198681,135202067
NC_061508.1,135200062,0.002632,1.07757,6.54810106183991,LOC124685591,135198681,135202067
NC_061508.1,135200104,0.002968,-1.318783,9.7625545957263,LOC124685591,135198681,135202067
NC_061514.1,7414216,0.002656,-1.013214,5.80176859431354,LOC124669605,7398899,7422023
NC_061514.1,7414324,0.003571,1.366088,10.4705709934568,LOC124669605,7398899,7422023
NC_061514.1,7415550,0.001932,1.334065,9.98848961854321,LOC124669605,7398899,7422023
NC_061514.1,7415563,0.001689,1.087463,6.66697076975745,LOC124669605,7398899,7422023
NC_061514.1,7415608,0.001714,1.310932,9.64751775015977,LOC124669605,7398899,7422023
NC_061514.1,7415662,0.001825,1.362612,10.4176762505134,LOC124669605,7398899,7422023
NC_061514.1,240885138,0.007372,1.594151,14.2430577793679,LOC124680024,240883488,240886874
