chr,pos,freq,eff,lod,gene,gene_start_pos,gene_end_pos
NC_061509.1,17845899,0.111236,1.287274,26.6362226509906,LOC124689277,17845003,17848944
NC_061509.1,237894415,0.038447,0.975201,15.286882139445,LOC124690688,237890751,237895675
NC_061510.1,209970204,0.051504,1.151691,21.3207553780089,LOC124702947,209962592,209972587
NC_061510.1,209970241,0.057576,0.956819,14.7160150311446,LOC124702947,209962592,209972587
NC_061510.1,245444169,0.021075,0.70587,8.00903313105642,LOC124703227,245427095,245465535
NC_061510.1,245445156,0.017748,0.637502,6.53271549173352,LOC124703227,245427095,245465535
NC_061510.1,258718817,0.023655,0.654779,6.89160100966257,LOC124696415,258704113,258722350
NC_061510.1,393572786,0.214583,1.898,57.9059321994287,LOC124697681,393566720,393608674
NC_061510.1,409745669,0.016074,0.633343,6.44775595291875,LOC124705094,409742925,409746310
NC_061511.1,209109127,0.02997,0.854145,11.7271869142382,LOC124648135,209081462,209136370
NC_061511.1,209109236,0.018864,0.688014,7.6089580963806,LOC124648135,209081462,209136370
NC_061511.1,209110294,0.020752,0.730824,8.58531517799975,LOC124648135,209081462,209136370
NC_061511.1,227031616,0.017138,0.679686,7.42586911657401,LOC124649670,227030596,227042050
NC_061511.1,227031654,0.0227,0.780968,9.80386042195055,LOC124649670,227030596,227042050
NC_061512.1,60783093,0.15,0.734664,8.67577258457201,LOC124656011,60756300,60788079
NC_061512.1,82436712,0.04036,1.057627,17.9802489247682,LOC124653523,82406159,82491120
NC_061512.1,85565637,0.030197,0.818599,10.7714224952723,LOC124656174,85547108,85609124
NC_061512.1,203945155,0.029332,0.89016,12.7369895178469,LOC124655033,203940197,203948169
NC_061513.1,293058259,0.067419,1.391141,31.1080610192436,LOC124668903,293056973,293058781
NC_061513.1,293903141,0.203704,2.136796,73.393359141175,LOC124661239,293890943,293908971
NC_061513.1,293903182,0.032532,0.761513,9.32148885618878,LOC124661239,293890943,293908971
NC_061514.1,18863992,0.034694,0.930443,13.915864365374,LOC124678695,18849664,18875630
NC_061514.1,240860360,0.038889,-0.760422,9.29479867656711,LOC124680019,240859676,240861482
NC_061514.1,250946074,0.035333,0.901847,13.0736354624705,LOC124676757,250939198,250946965
NW_025899867.1,488650,0.052222,1.09376,19.229797669029,LOC124680379,447539,490617
NW_025900641.1,27991,0.023096,0.767247,9.46239425737681,LOC124681536,27585,29379
NW_025900641.1,28017,0.025781,0.811906,10.5960047190074,LOC124681536,27585,29379
