chr,pos,freq,eff,lod,gene,gene_start_pos,gene_end_pos
NC_061508.1,135199983,0.002699,-0.122467,6.19693914559084,LOC124685591,135198681,135202067
NC_061508.1,135199996,0.002414,-0.089747,4.62655705594562,LOC124685591,135198681,135202067
NC_061508.1,135200044,0.002576,-0.152069,7.6176741889184,LOC124685591,135198681,135202067
NC_061508.1,135200062,0.002632,0.110427,5.61908461138154,LOC124685591,135198681,135202067
NC_061508.1,135200104,0.002968,-0.143481,7.20549688494918,LOC124685591,135198681,135202067
NC_061514.1,7414216,0.002656,-0.104305,5.3252618988874,LOC124669605,7398899,7422023
NC_061514.1,7414324,0.003571,0.162984,8.14153484015549,LOC124669605,7398899,7422023
NC_061514.1,7415550,0.001932,0.117156,5.94204002339935,LOC124669605,7398899,7422023
NC_061514.1,7415563,0.001689,0.089318,4.60596738857222,LOC124669605,7398899,7422023
NC_061514.1,7415608,0.001714,0.108457,5.52453532297686,LOC124669605,7398899,7422023
NC_061514.1,7415662,0.001825,0.116326,5.90220453640651,LOC124669605,7398899,7422023
NC_061514.1,240885138,0.007372,0.27273,13.408746111861,LOC124680024,240883488,240886874
