chr,pos,freq,eff,lod,gene,gene_start_pos,gene_end_pos
NC_061514.1,7414324,0.003571,0.162984,4.91570219922405,LOC124669605,7398899,7422023
NC_061514.1,240885138,0.007372,0.27273,13.7645318610756,LOC124680024,240883488,240886874
